epoch,step,loss,avg_loss
1,10,5.090407371520996,4.696223354339599
1,20,5.046800136566162,4.309847497940064
